<?xml version="1.0" encoding="utf-8"?>
<extension
	type="module"
	version="3.0"
	method="upgrade"
	client="administrator">
	<name>mod_tm_templates</name>
	<author>Joomla! Project</author>
	<creationDate>July 2004</creationDate>
	<copyright>Copyright (C) 2005 - 2013 Open Source Matters. All rights reserved.</copyright>
	<license>GNU General Public License version 2 or later; see LICENSE.txt</license>
	<authorEmail>admin@joomla.org</authorEmail>
	<authorUrl>www.joomla.org</authorUrl>
	<version>1.0.0</version>
	<description>MOD_TM_TEMPLATES_XML_DESCRIPTION</description>
	<files>
		<filename module="mod_tm_templates">mod_tm_templates.php</filename>
		<filename>index.html</filename>
		<filename>install.mysql.utf8.sql</filename>
		<folder>tmpl</folder>
		<folder>js</folder>
	</files>
	
	<install>
		<sql>
			<file driver="mysql">install.mysql.utf8.sql</file>
			<file driver="mysql" charset="utf8">install.mysql.utf8.sql</file>
			<file driver="mysqli">install.mysql.utf8.sql</file>
			<file driver="mysqli" charset="utf8">install.mysql.utf8.sql</file>
		</sql>
	</install>

	<languages>
		<language tag="en-GB">language/en-GB/en-GB.mod_tm_templates.ini</language>
		<language tag="en-GB">language/en-GB/en-GB.mod_tm_templates.sys.ini</language>
	</languages>
	<help key="JHELP_EXTENSIONS_MODULE_MANAGER_ADMIN_CUSTOM" />

	<config>
		<fields name="params">
			<fieldset
				name="advanced">
				<field
					name="layout"
					type="modulelayout"
					label="JFIELD_ALT_LAYOUT_LABEL"
					description="JFIELD_ALT_MODULE_LAYOUT_DESC" />

				<field
					name="moduleclass_sfx"
					type="text"
					label="COM_MODULES_FIELD_MODULECLASS_SFX_LABEL"
					description="COM_MODULES_FIELD_MODULECLASS_SFX_DESC" />

				<field
					name="cache"
					type="list"
					default="1"
					label="COM_MODULES_FIELD_CACHING_LABEL"
					description="COM_MODULES_FIELD_CACHING_DESC">
					<option
						value="1">JGLOBAL_USE_GLOBAL</option>
					<option
						value="0">COM_MODULES_FIELD_VALUE_NOCACHING</option>
				</field>

				<field
					name="cache_time"
					type="text"
					default="900"
					label="COM_MODULES_FIELD_CACHE_TIME_LABEL"
					description="COM_MODULES_FIELD_CACHE_TIME_DESC" />
			</fieldset>
			
		</fields>
	</config>
</extension>
