<?xml version="1.0" encoding="utf-8"?>
<extension type="module" version="3.1" client="administrator" method="upgrade">
	<name>mod_latest</name>
	<author>Joomla! Project</author>
	<creationDate>July 2004</creationDate>
	<copyright>Copyright (C) 2005 - 2016 Open Source Matters. All rights reserved.</copyright>
	<license>GNU General Public License version 2 or later; see LICENSE.txt</license>
	<authorEmail>admin@joomla.org</authorEmail>
	<authorUrl>www.joomla.org</authorUrl>
	<version>3.0.0</version>
	<description>MOD_LATEST_XML_DESCRIPTION</description>
	<files>
		<filename module="mod_latest">mod_latest.php</filename>
		<filename>helper.php</filename>
		<folder>tmpl</folder>
	</files>
	<languages>
		<language tag="en-GB">en-GB.mod_latest.ini</language>
		<language tag="en-GB">en-GB.mod_latest.sys.ini</language>
	</languages>
	<help key="JHELP_EXTENSIONS_MODULE_MANAGER_ADMIN_LATEST" />
	<config>
		<fields name="params">
			<fieldset name="basic">
				<field
					name="count"
					type="text"
					default="5"
					label="MOD_LATEST_FIELD_COUNT_LABEL"
					description="MOD_LATEST_FIELD_COUNT_DESC" />
				<field
					name="ordering"
					type="list"
					default="c_dsc"
					label="MOD_LATEST_FIELD_ORDERING_LABEL"
					description="MOD_LATEST_FIELD_ORDERING_DESC">
					<option
						value="c_dsc">MOD_LATEST_FIELD_VALUE_ORDERING_ADDED</option>
					<option
						value="m_dsc">MOD_LATEST_FIELD_VALUE_ORDERING_MODIFIED</option>
				</field>
				<field
					id="catid"
					name="catid"
					type="category"
					extension="com_content"
					label="JCATEGORY"
					description="MOD_LATEST_FIELD_CATEGORY_DESC"
					default=""
					>
					<option
						value="">JOPTION_ANY_CATEGORY</option>
				</field>
				<field
					name="user_id"
					type="list"
					default="0"
					label="MOD_LATEST_FIELD_AUTHORS_LABEL"
					description="MOD_LATEST_FIELD_AUTHORS_DESC">
					<option
						value="0">MOD_LATEST_FIELD_VALUE_AUTHORS_ANYONE</option>
					<option
						value="by_me">MOD_LATEST_FIELD_VALUE_AUTHORS_BY_ME</option>
					<option
						value="not_me">MOD_LATEST_FIELD_VALUE_AUTHORS_NOT_BY_ME</option>
				</field>
			</fieldset>
			<fieldset
				name="advanced">
				<field
					name="layout"
					type="modulelayout"
					label="JFIELD_ALT_LAYOUT_LABEL"
					description="JFIELD_ALT_MODULE_LAYOUT_DESC" />

				<field
					name="moduleclass_sfx"
					type="textarea" rows="3"
					label="COM_MODULES_FIELD_MODULECLASS_SFX_LABEL"
					description="COM_MODULES_FIELD_MODULECLASS_SFX_DESC" />

				<field
					name="automatic_title"
					type="radio"
					class="btn-group btn-group-yesno"
					default="0"
					label="COM_MODULES_FIELD_AUTOMATIC_TITLE_LABEL"
					description="COM_MODULES_FIELD_AUTOMATIC_TITLE_DESC">
					<option
						value="1">JYES</option>
					<option
						value="0">JNO</option>
				</field>
			</fieldset>
		</fields>
	</config>
</extension>
